<?xml version="1.0" encoding="UTF-8"?>
<!DOCTYPE MudletPackage>
<MudletPackage version="1.0">
  <AliasPackage>
      <AliasGroup isActive="yes" isFolder="yes">
          <name>Hunting Effeciency Tracker</name>
          <script></script>
          <command></command>
          <packageName></packageName>
          <regex></regex>
          <Alias isActive="yes" isFolder="no">
              <name>Hunting tracker Aliases</name>
              <script>local commands = {
on = huntingTracker.Start,
off = huntingTracker.Stop,
display = huntingTracker.DisplayStats,
help =  huntingTracker.Help,
reset = huntingTracker.Reset,
setdefault = huntingTracker.SetDefaultField,
save = huntingTracker.SaveHuntingData,
load = huntingTracker.LoadHuntingData
}

if not commands[matches[2]:lower()] then
cecho(&quot;&lt;red&gt;HuntTracker: &lt;white&gt; No such hunttrack command found!&quot;)
else
commands[matches[2]:lower()](matches[3])
end</script>
              <command></command>
              <packageName></packageName>
              <regex>^hunttrack (\w+)(?: (.+))?$</regex>
          </Alias>
      </AliasGroup>
  </AliasPackage>
    <ScriptPackage>
        <Script isActive="yes" isFolder="no">
            <name>General</name>
            <packageName></packageName>
            <script>huntingTracker = huntingTracker or {}

huntingTracker.history = huntingTracker.history or {}
huntingTracker.areaInfo = huntingTracker.areaInfo or {}
huntingTracker.version = &quot;1.0a&quot;
huntingTracker.defaultField = &quot;epm&quot;


local function getLevelAndExp()
	level, exp = string.match(gmcp.Char.Status.level, &quot;(%d+)%s+%(([%d%.]+)&quot;)
	return tonumber(level), tonumber(exp)
end

huntingTracker.currentArea = huntingTracker.currentArea or &quot;&quot;
huntingTracker.prevGold = gmcp.Char.Status.gold;
huntingTracker.prevLevel, huntingTracker.prevExp = getLevelAndExp()
huntingTracker.startTime = os.time();

local function isValidField(field)
	local validFields = {&quot;gold&quot;, &quot;experience&quot;, &quot;gpm&quot;, &quot;epm&quot;}
	return table.contains(validFields, field)
end

local function updateAreaInfo(area)
	huntingTracker.areaInfo[area] = huntingTracker.areaInfo[area] or {}

	local totalGold = 0
	local totalExp = 0;
	local totalTime = 0;
	local data = huntingTracker.history[area]
	if data == nil then return end;

	for _, v in ipairs(data) do
		totalGold = totalGold + v.gold;
		totalExp = totalExp + v.exp;
		totalTime = totalTime + v.time;
	end

	avGold = totalGold / #data
	avExp = totalExp / #data

	gpm = totalGold / totalTime;
	epm = totalExp / totalTime;

	avGold = tonumber(string.format(&quot;%.3f&quot;, avGold))
	avExp = tonumber(string.format(&quot;%.3f&quot;, avExp))

	gpm = tonumber(string.format(&quot;%.3f&quot;, gpm))
	epm = tonumber(string.format(&quot;%.3f&quot;, epm))

	huntingTracker.areaInfo[area] = {exp = avExp, gold = avGold, [&quot;gpm&quot;] = gpm, [&quot;epm&quot;] = epm}
end


local function updateAllAreaInfo()
	for k, v in pairs(huntingTracker.history) do
		updateAreaInfo(k)
	end
end

local function storeHuntData(area, exp, gold, time)
	huntingTracker.history[area] = huntingTracker.history[area] or {}
	table.insert(huntingTracker.history[area], 1, { [&quot;exp&quot;] = exp, [&quot;gold&quot;] = gold, [&quot;time&quot;] = time })
	if(#huntingTracker.history[area] &gt; 5) then table.remove(huntingTracker.history[area], 5) end

	updateAreaInfo(area);
end

local function debugDisplayCurrentAreaInfo()
	local area = huntingTracker.currentArea;

	updateAreaInfo(area);
	local data = huntingTracker.areaInfo[area];
	if data and data.gold and data.exp and data.gpm and data.epm then
		cecho(&quot;Current hunting stats for &lt;green&gt;&quot; .. area .. &quot;&lt;grey&gt; are:&quot;)
		cecho(&quot;\nGold: &quot; .. data.gold)
		cecho(&quot;\nExp : &quot; .. data.exp)
		cecho(&quot;\nGPM : &quot; .. data.gpm)
		cecho(&quot;\nEPM : &quot; .. data.epm)
	end
end

huntingTracker.onEnterArea = function()
	huntingTracker.currentArea = gmcp.Room.Info.area;
	huntingTracker.prevGold = tonumber(gmcp.Char.Status.gold);
	huntingTracker.prevLevel,huntingTracker.prevExp = getLevelAndExp()
	huntingTracker.startTime = os.time();
end

huntingTracker.onLeaveArea = function()
	if not huntingTracker.enabled then return end

	newGold = tonumber(gmcp.Char.Status.gold);
	newLevel, newExp = getLevelAndExp()
	newTime = os.time();
	local goldChange = newGold - huntingTracker.prevGold;
	local expChange = 0;
	if(huntingTracker.prevLevel == newLevel) then
		expChange = newExp - huntingTracker.prevExp
	else
		expChange = (100 - huntingTracker.prevExp) + newExp
	end

	local currTime = os.time();
	local diffTime = math.floor(os.difftime(currTime, huntingTracker.startTime) / 60);
	if diffTime == 0 then diffTime = 1 end
	local area = huntingTracker.currentArea;

	if(expChange &gt; 0 or goldChange &gt; 0) then
		storeHuntData(area, expChange, goldChange, diffTime);
	end
end

huntingTracker.DisplayStats = function(orderBy)
	orderBy = orderBy or huntingTracker.defaultField

	updateAllAreaInfo();

	local orderedTable = {}
	for k, v in pairs(huntingTracker.areaInfo) do
		table.insert(orderedTable, { k, v})
	end

	table.sort(orderedTable, function(f, s)
		f[2][orderBy] = f[2][orderBy] or 0;
		s[2][orderBy] = s[2][orderBy] or 0;
		return f[2][orderBy] &gt; s[2][orderBy]
	end);


	cecho(&quot;&lt;white&gt;Area hunting effeciency, ordered by: &lt;yellow&gt;&quot; .. orderBy)
	cecho(&quot;\nArea name\t\tGold\t\tExperience\tGPM\t\tEPM&quot;)
	cecho(&quot;\n&lt;green&gt;&quot; .. string.rep(&quot;-&quot;, 77))
	for k, v in pairs(orderedTable) do
		if v[2].gold and v[2].exp and v[2].gpm and v[2].epm then
			echo(&quot;\n&quot; .. v[1])
			echo(string.rep(&quot; &quot;, 24 - v[1]:len()))
			echo(v[2].gold .. &quot;\t\t&quot; .. v[2].exp .. &quot;\t\t&quot;
 					.. v[2].gpm .. &quot;\t\t&quot; .. v[2].epm)
		end
	end

	send(&quot;\n&quot;)
end

function huntingTracker.onAreaChange()
	if gmcp.Room.Info.area ~= huntingTracker.currentArea then
		huntingTracker.onLeaveArea()
		huntingTracker.SaveHuntingData();
		huntingTracker.onEnterArea()
	end
end

huntingTracker.LoadHuntingData = function()
	local _sep
	if string.char(getMudletHomeDir():byte()) == &quot;/&quot; then
		_sep = &quot;/&quot;
	else
		_sep = &quot;\\&quot;
	end -- if

	local saveFile = getMudletHomeDir() .. _sep .. &quot;HuntTracker&quot; .. _sep ..&quot;huntHistory.lua&quot;

	local loadTable = {}

	if not (io.exists(saveFile)) then
		return
	end

	table.load(saveFile, loadTable)

	--Backwards compatability check
	if(loadTable[1] == nil) then
		huntingTracker.history = loadTable
	else
		huntingTracker.history = loadTable[1]
		huntingTracker.defaultField = loadTable[2]
	end

end

huntingTracker.SaveHuntingData = function()
	local _sep
	if string.char(getMudletHomeDir():byte()) == &quot;/&quot; then
		_sep = &quot;/&quot;
	else
		_sep = &quot;\\&quot;
	end -- if

	local saveFile = getMudletHomeDir() .. _sep .. &quot;HuntTracker&quot; .. _sep ..&quot;huntHistory.lua&quot;

	local saveTable = {
		huntingTracker.history,
		huntingTracker.defaultField
	}


	if huntingTracker.history then table.save(saveFile, saveTable) end
end

huntingTracker.Start = function()
	huntingTracker.enabled = true
	huntingTracker.onEnterArea() -- Reset area info
	cecho(&quot;&lt;red&gt;Hunttracker: &lt;white&gt;Hunting Tracker Started.  Happy Hunting!&quot;)
end

huntingTracker.Stop = function()
	huntingTracker.enabled = true
	cecho(&quot;&lt;red&gt;Hunttracker: &lt;white&gt;Hunting Tracker Stopped!&quot;)
end

huntingTracker.SetDefaultField = function(field)
	field = field:lower()
	if not isValidField(field) then
		cecho(&quot;&lt;red&gt;Hunttracker: &lt;white&gt;Invalid field to sort by.  Current valid fields are 'gold', 'experience', 'epm', 'gpm'&quot;)
	else
		huntingTracker.defaultField = field
		huntingTracker.SaveHuntingData()
		cecho(&quot;&lt;red&gt;Hunttracker: &lt;white&gt;Default sort field set to '&quot; .. field .. &quot;'&quot;)
	end
end

huntingTracker.Help = function()
	cecho(&quot;\t\t\t&lt;green&gt;Wyd's Hunting Tracker&lt;white&gt;, version &lt;green&gt;&quot; .. huntingTracker.version)
	cecho(&quot;\n&lt;green&gt;\nCommand\t\tArgument\t\tUsage&quot;)
	echo(&quot;\n&quot; .. string.rep(&quot;-&quot;, 80))

	cecho(&quot;\nHelp\t\tnone\t\t\tDisplays available commands and usage&quot;)
	echo(&quot;\n&quot;)
	cecho(&quot;\nOn\t\tnone\t\t\tBegins experience and gold tracking&quot;)
	cecho(&quot;\nOff\t\tnone\t\t\tEnds experience and gold tracking&quot;)
	echo(&quot;\n&quot;)
	cecho(&quot;\nDisplay\t\tsort by (optional)\tDisplays hunting stats.  Can sort by any valid field&quot;)
	cecho(&quot;\nSetDefault\tsort by\t\t\tSets the default field to sort by.  'epm' by default&quot;)
end



registerAnonymousEventHandler(&quot;gmcp.Room&quot;, &quot;huntingTracker.onAreaChange&quot;)
huntingTracker.LoadHuntingData()</script>
            <eventHandlerList/>
        </Script>
    </ScriptPackage>
</MudletPackage>
